index,PredicMistral,PredicLLAMA,PredicGemma
750,"{'sentiment': 'NEGATIVE', 'confidence': 1.0}","{'sentiment': 'NEGATIVE', 'confidence': 0.9}","{'sentiment': 'NEGATIVE', 'confidence': 0.3}"
751,"{'sentiment': 'NEGATIVE', 'confidence': 0.99}","{'sentiment': 'NEGATIVE', 'confidence': 0.8}","{'sentiment': 'NEGATIVE', 'confidence': 0.7}"
752,"{'sentiment': 'POSITIVE', 'confidence': 0.95}","{'sentiment': 'POSITIVE', 'confidence': 0.9}","{'sentiment': 'POSITIVE', 'confidence': 0.8}"
753,"{'sentiment': 'POSITIVE', 'confidence': 0.99}","{'sentiment': 'POSITIVE', 'confidence': 0.9}","{'sentiment': 'POSITIVE', 'confidence': 0.8}"
754,"{'sentiment': 'POSITIVE', 'confidence': 0.9}","{'sentiment': 'NEGATIVE', 'confidence': 0.8}","{'sentiment': 'NEUTRAL', 'confidence': 0.5}"
755,"{'sentiment': 'NEUTRAL', 'confidence': 0.5}","{'sentiment': 'NEGATIVE', 'confidence': 0.8}","{'sentiment': 'NEGATIVE', 'confidence': 0.8}"
756,"{'sentiment': 'POSITIVE', 'confidence': 0.95}","{'sentiment': 'POSITIVE', 'confidence': 0.9}","{'sentiment': 'POSITIVE', 'confidence': 0.95}"
757,"{'sentiment': 'NEGATIVE', 'confidence': 0.95}","{'sentiment': 'NEGATIVE', 'confidence': 0.8}","{'sentiment': 'NEGATIVE', 'confidence': 0.8}"
758,"{'sentiment': 'NEGATIVE', 'confidence': 1}","{'sentiment': 'POSITIVE', 'confidence': 0.8}","{'sentiment': 'NEGATIVE', 'confidence': 0.8}"
759,"{'sentiment': 'POSITIVE', 'confidence': 1.0}","{'sentiment': 'POSITIVE', 'confidence': 0.97}","{'sentiment': 'POSITIVE', 'confidence': 1}"
760,"{'sentiment': 'NEGATIVE', 'confidence': 1.0}","{'sentiment': 'NEGATIVE', 'confidence': 0.8}","{'sentiment': 'NEGATIVE', 'confidence': 0.8}"
761,"{'sentiment': 'NEUTRAL', 'confidence': 1.0}","{'sentiment': 'NEGATIVE', 'confidence': 0.8}","{'sentiment': 'NEGATIVE', 'confidence': 0.8}"
762,"{'sentiment': 'POSITIVE', 'confidence': 0.95}","{'sentiment': 'POSITIVE', 'confidence': 0.9}","{'sentiment': 'POSITIVE', 'confidence': 1}"
763,"{'sentiment': 'NEGATIVE', 'confidence': 1}","{'sentiment': 'NEGATIVE', 'confidence': 0.8}","{'sentiment': 'NEGATIVE', 'confidence': 0.8}"
764,"{'sentiment': 'NEGATIVE', 'confidence': 0.95}","{'sentiment': 'NEGATIVE', 'confidence': 0.9}","{'sentiment': 'NEGATIVE', 'confidence': 0.8}"
765,"{'sentiment': 'NEGATIVE', 'confidence': 0.95}","{'sentiment': 'NEGATIVE', 'confidence': 0.8}","{'sentiment': 'NEGATIVE', 'confidence': 0.8}"
766,"{'sentiment': 'NEGATIVE', 'confidence': 1.0}","{'sentiment': 'NEGATIVE', 'confidence': 0.8}","{'sentiment': 'NEGATIVE', 'confidence': 0.85}"
767,"{'sentiment': 'POSITIVE', 'confidence': 1.0}","{'sentiment': 'POSITIVE', 'confidence': 0.9}","{'sentiment': 'POSITIVE', 'confidence': 0.95}"
768,"{'sentiment': 'POSITIVE', 'confidence': 0.95}","{'sentiment': 'POSITIVE', 'confidence': 0.8}","{'sentiment': 'POSITIVE', 'confidence': 1}"
769,"{'sentiment': 'POSITIVE', 'confidence': 1.0}","{'sentiment': 'POSITIVE', 'confidence': 0.95}","{'sentiment': 'POSITIVE', 'confidence': 0.95}"
770,"{'sentiment': 'POSITIVE', 'confidence': 1.0}","{'sentiment': 'POSITIVE', 'confidence': 0.9}","{'sentiment': 'NEGATIVE', 'confidence': 0.8}"
771,"{'sentiment': 'NEGATIVE', 'confidence': 0.8}","{'sentiment': 'POSITIVE', 'confidence': 0.8}","{'sentiment': 'NEGATIVE', 'confidence': 0.8}"
772,"{'sentiment': 'POSITIVE', 'confidence': 0.95}","{'sentiment': 'POSITIVE', 'confidence': 0.9}","{'sentiment': 'POSITIVE', 'confidence': 0.85}"
773,"{'sentiment': 'NEUTRAL', 'confidence': 1.0}","{'sentiment': 'POSITIVE', 'confidence': 0.8}","{'sentiment': 'POSITIVE', 'confidence': 1}"
774,"{'sentiment': 'NEGATIVE', 'confidence': 1}","{'sentiment': 'NEGATIVE', 'confidence': 0.8}","{'sentiment': 'NEGATIVE', 'confidence': 0.8}"
775,"{'sentiment': 'POSITIVE', 'confidence': 0.95}","{'sentiment': 'POSITIVE', 'confidence': 0.9}","{'sentiment': 'POSITIVE', 'confidence': 1}"
776,"{'sentiment': 'NEUTRAL', 'confidence': 0.95}","{'sentiment': 'NEUTRAL', 'confidence': 0.5}","{'sentiment': 'POSITIVE', 'confidence': 1}"
777,"{'sentiment': 'POSITIVE', 'confidence': 1.0}","{'sentiment': 'POSITIVE', 'confidence': 0.9}","{'sentiment': 'POSITIVE', 'confidence': 1}"
778,"{'sentiment': 'POSITIVE', 'confidence': 0.75}","{'sentiment': 'NEUTRAL', 'confidence': 0.6}","{'sentiment': 'NEGATIVE', 'confidence': 0.5}"
779,"{'sentiment': 'POSITIVE', 'confidence': 0.85}","{'sentiment': 'NEUTRAL', 'confidence': 0.8}","{'sentiment': 'POSITIVE', 'confidence': 0.8}"
780,"{'sentiment': 'NEGATIVE', 'confidence': 1.0}","{'sentiment': 'NEGATIVE', 'confidence': 0.8}","{'sentiment': 'NEGATIVE', 'confidence': 0.8}"
781,"{'sentiment': 'POSITIVE', 'confidence': 1.0}","{'sentiment': 'POSITIVE', 'confidence': 0.9}","{'sentiment': 'POSITIVE', 'confidence': 0.8}"
782,"{'sentiment': 'NEGATIVE', 'confidence': 1}","{'sentiment': 'NEGATIVE', 'confidence': 0.9}","{'sentiment': 'NEGATIVE', 'confidence': 0.8}"
783,"{'sentiment': 'POSITIVE', 'confidence': 0.99}","{'sentiment': 'NEGATIVE', 'confidence': 0.9}","{'sentiment': 'NEGATIVE', 'confidence': 0.8}"
784,"{'sentiment': 'NEUTRAL', 'confidence': 0.8}","{'sentiment': 'POSITIVE', 'confidence': 0.8}","{'sentiment': 'NEGATIVE', 'confidence': 0.8}"
785,"{'sentiment': 'NEUTRAL', 'confidence': 1.0}","{'sentiment': 'POSITIVE', 'confidence': 0.8}","{'sentiment': 'NEGATIVE', 'confidence': 0.8}"
786,"{'sentiment': 'NEGATIVE', 'confidence': 1.0}","{'sentiment': 'NEGATIVE', 'confidence': 0.9}","{'sentiment': 'NEGATIVE', 'confidence': 0.8}"
787,"{'sentiment': 'NEGATIVE', 'confidence': 0.99}","{'sentiment': 'NEGATIVE', 'confidence': 0.8}","{'sentiment': 'NEGATIVE', 'confidence': 0.8}"
788,"{'sentiment': 'NEUTRAL', 'confidence': 1.0}","{'sentiment': 'NEGATIVE', 'confidence': 0.5}","{'sentiment': 'NEGATIVE', 'confidence': 0.5}"
789,"{'sentiment': 'NEGATIVE', 'confidence': 1.0}","{'sentiment': 'NEGATIVE', 'confidence': 0.8}","{'sentiment': 'NEGATIVE', 'confidence': 0.8}"
790,"{'sentiment': 'POSITIVE', 'confidence': 0.99}","{'sentiment': 'POSITIVE', 'confidence': 0.95}","{'sentiment': 'POSITIVE', 'confidence': 1}"
791,"{'sentiment': 'NEUTRAL', 'confidence': 0.9}","{'sentiment': 'POSITIVE', 'confidence': 0.9}","{'sentiment': 'NEGATIVE', 'confidence': 0.7}"
792,"{'sentiment': 'NEUTRAL', 'confidence': 0.7}","{'sentiment': 'POSITIVE', 'confidence': 0.9}","{'sentiment': 'NEGATIVE', 'confidence': 0.7}"
793,"{'sentiment': 'NEGATIVE', 'confidence': 1.0}","{'sentiment': 'NEGATIVE', 'confidence': 0.9}","{'sentiment': 'NEGATIVE', 'confidence': 0.8}"
794,"{'sentiment': 'NEGATIVE', 'confidence': 0.8}","{'sentiment': 'NEGATIVE', 'confidence': 0.8}","{'sentiment': 'NEGATIVE', 'confidence': 0.8}"
795,"{'sentiment': 'NEGATIVE', 'confidence': 1.0}","{'sentiment': 'NEGATIVE', 'confidence': 0.5}","{'sentiment': 'NEGATIVE', 'confidence': 0.8}"
796,"{'sentiment': 'POSITIVE', 'confidence': 0.95}","{'sentiment': 'POSITIVE', 'confidence': 0.9}","{'sentiment': 'POSITIVE', 'confidence': 0.95}"
797,"{'sentiment': 'POSITIVE', 'confidence': 1.0}","{'sentiment': 'POSITIVE', 'confidence': 0.9}","{'sentiment': 'POSITIVE', 'confidence': 0.95}"
798,"{'sentiment': 'NEGATIVE', 'confidence': 0.75}","{'sentiment': 'POSITIVE', 'confidence': 0.9}","{'sentiment': 'NEGATIVE', 'confidence': 0.2}"
799,"{'sentiment': 'POSITIVE', 'confidence': 0.8}","{'sentiment': 'NEGATIVE', 'confidence': 0.8}","{'sentiment': 'NEGATIVE', 'confidence': 0.8}"
800,"{'sentiment': 'POSITIVE', 'confidence': 0.95}","{'sentiment': 'NEUTRAL', 'confidence': 0.7}","{'sentiment': 'POSITIVE', 'confidence': 0.95}"
801,"{'sentiment': 'NEGATIVE', 'confidence': 0.95}","{'sentiment': 'NEGATIVE', 'confidence': 0.8}","{'sentiment': 'NEGATIVE', 'confidence': 0.8}"
802,"{'sentiment': 'NEGATIVE', 'confidence': 0.95}","{'sentiment': 'NEGATIVE', 'confidence': 0.8}","{'sentiment': 'NEGATIVE', 'confidence': 0.8}"
803,"{'sentiment': 'NEGATIVE', 'confidence': 1}","{'sentiment': 'NEGATIVE', 'confidence': 0.9}","{'sentiment': 'NEGATIVE', 'confidence': 0.8}"
804,"{'sentiment': 'NEGATIVE', 'confidence': 0.9}","{'sentiment': 'NEGATIVE', 'confidence': 0.9}","{'sentiment': 'NEGATIVE', 'confidence': 0.8}"
805,"{'sentiment': 'NEUTRAL', 'confidence': 0.8}","{'sentiment': 'POSITIVE', 'confidence': 0.9}","{'sentiment': 'NEGATIVE', 'confidence': 0.8}"
806,"{'sentiment': 'NEGATIVE', 'confidence': 0.95}","{'sentiment': 'NEGATIVE', 'confidence': 0.8}","{'sentiment': 'NEGATIVE', 'confidence': 0.8}"
807,"{'sentiment': 'NEGATIVE', 'confidence': 0.9}","{'sentiment': 'NEGATIVE', 'confidence': 0.8}","{'sentiment': 'NEGATIVE', 'confidence': 0.8}"
808,"{'sentiment': 'POSITIVE', 'confidence': 1.0}","{'sentiment': 'POSITIVE', 'confidence': 0.9}","{'sentiment': 'POSITIVE', 'confidence': 1}"
809,"{'sentiment': 'POSITIVE', 'confidence': 0.9}","{'sentiment': 'POSITIVE', 'confidence': 0.9}","{'sentiment': 'NEGATIVE', 'confidence': 0.8}"
810,"{'sentiment': 'NEUTRAL', 'confidence': 1.0}","{'sentiment': 'NEUTRAL', 'confidence': 0.4}","{'sentiment': 'POSITIVE', 'confidence': 1}"
811,"{'sentiment': 'NEGATIVE', 'confidence': 1}","{'sentiment': 'NEGATIVE', 'confidence': 0.8}","{'sentiment': 'NEGATIVE', 'confidence': 0.8}"
812,"{'sentiment': 'NEUTRAL', 'confidence': 0.9}","{'sentiment': 'NEGATIVE', 'confidence': 0.8}","{'sentiment': 'NEGATIVE', 'confidence': 0.8}"
813,"{'sentiment': 'NEUTRAL', 'confidence': 0.85}","{'sentiment': 'POSITIVE', 'confidence': 0.8}","{'sentiment': 'NEGATIVE', 'confidence': 0.8}"
814,"{'sentiment': 'NEUTRAL', 'confidence': 1}","{'sentiment': 'NEUTRAL', 'confidence': 0.8}","{'sentiment': 'NEGATIVE', 'confidence': 0.5}"
815,"{'sentiment': 'POSITIVE', 'confidence': 1.0}","{'sentiment': 'POSITIVE', 'confidence': 0.9}","{'sentiment': 'POSITIVE', 'confidence': 1}"
816,"{'sentiment': 'NEGATIVE', 'confidence': 1.0}","{'sentiment': 'NEGATIVE', 'confidence': 0.9}","{'sentiment': 'NEGATIVE', 'confidence': 0.8}"
817,"{'sentiment': 'POSITIVE', 'confidence': 0.9}","{'sentiment': 'POSITIVE', 'confidence': 0.8}","{'sentiment': 'POSITIVE', 'confidence': 0.8}"
818,"{'sentiment': 'NEUTRAL', 'confidence': 0.9}","{'sentiment': 'NEUTRAL', 'confidence': 0.5}","{'sentiment': 'NEGATIVE', 'confidence': 0.75}"
819,"{'sentiment': 'NEUTRAL', 'confidence': 0.7}","{'sentiment': 'POSITIVE', 'confidence': 0.9}","{'sentiment': 'POSITIVE', 'confidence': 1}"
820,"{'sentiment': 'NEGATIVE', 'confidence': 1.0}","{'sentiment': 'NEGATIVE', 'confidence': 0.8}","{'sentiment': 'NEGATIVE', 'confidence': 0.8}"
821,"{'sentiment': 'NEGATIVE', 'confidence': 0.99}","{'sentiment': 'NEGATIVE', 'confidence': 0.8}","{'sentiment': 'NEGATIVE', 'confidence': 0.7}"
822,"{'sentiment': 'NEUTRAL', 'confidence': 0.8}","{'sentiment': 'NEGATIVE', 'confidence': 0.33}","{'sentiment': 'NEGATIVE', 'confidence': 0.8}"
823,"{'sentiment': 'POSITIVE', 'confidence': 0.8}","{'sentiment': 'POSITIVE', 'confidence': 0.9}","{'sentiment': 'POSITIVE', 'confidence': 1}"
824,"{'sentiment': 'NEGATIVE', 'confidence': 1.0}","{'sentiment': 'NEGATIVE', 'confidence': 0.8}","{'sentiment': 'Negative', 'confidence': 0.8}"
825,"{'sentiment': 'NEUTRAL', 'confidence': 1.0}","{'sentiment': 'NEUTRAL', 'confidence': 0.67}","{'sentiment': 'Neutral', 'confidence': 0.5}"
826,"{'sentiment': 'POSITIVE', 'confidence': 0.95}","{'sentiment': 'POSITIVE', 'confidence': 0.9}","{'sentiment': 'POSITIVE', 'confidence': 0.95}"
827,"{'sentiment': 'POSITIVE', 'confidence': 0.8}","{'sentiment': 'NEUTRAL', 'confidence': 0.4}","{'sentiment': 'NEGATIVE', 'confidence': 0.8}"
828,"{'sentiment': 'NEGATIVE', 'confidence': 0.95}","{'sentiment': 'NEGATIVE', 'confidence': 0.8}","{'sentiment': 'NEGATIVE', 'confidence': 0.8}"
829,"{'sentiment': 'NEGATIVE', 'confidence': 0.99}","{'sentiment': 'NEGATIVE', 'confidence': 0.9}","{'sentiment': 'NEGATIVE', 'confidence': 0.8}"
